<?xml version="1.0" encoding="utf-8" ?>
<!DOCTYPE mapper PUBLIC "-//mybatis.org//DTD Mapper 3.0//EN" "http://mybatis.org/dtd/mybatis-3-mapper.dtd" >
<mapper namespace="com.example.dao.UserMapper">
    <select id="useLogin" resultType="User">
      select * from users where name=#{name} and password=#{password}
    </select>
    <insert id="useRegister" >
        insert into users (`name`,`password`,`firpass`) values (#{name},#{password},#{password})
    </insert>
    <select id="getUserName" resultType="User">
        select * from users where name=#{name}
    </select>
    <update id="upload">
        update users set imgpath=#{path} where id=#{id}
    </update>
    <select id="getPart" resultType="Integer">
        select `part` from users where id=#{id}
    </select>
    <update id="upPart">
        update users set part=#{part} where id=#{id}
    </update>
    <update id="addData">
        update users set text=#{text},ipone=#{ipone} where id=#{id}
    </update>
    <select id="selectUser" resultType="User">
        select * from users where name like concat('%',#{name},'%')
    </select>
    <select id="getById" resultType="User">
        select * from  users where id=#{id}
    </select>
</mapper>